,Brand,Product Name,Normal Price,Discount,Discount Price,Seller,Waranty status,Waranty Period (Months),Accessories Included
25,APPLE,Iphone 13 Reacondicionado 128 Gb Rosa,$ 3.200.000,-34%,$ 2.099.000, idroid colombia,not available,0,no
30,APPLE,Iphone 11 64 Gb Morado Reacondicionado,$ 2.599.900,-53%,$ 1.215.990, micelu,not available,0,no
33,APPLE,Iphone 11 64 Gb Negro Reacondicionado,$ 2.000.000,-40%,$ 1.199.900, idroid colombia,not available,0,no
40,APPLE,Iphone 13 Reacondicionado 128 Gb Azul,$ 3.600.000,-41%,$ 2.099.000, idroid colombia,not available,0,no
46,APPLE,Iphone 12 Pro 128Gb Grafito Reacondicionado,$ 3.000.000,-35%,$ 1.939.282, idroid colombia,not available,0,no
68,APPLE,Iphone 11 64 Gb Blanco Reacondicionado,$ 2.599.900,-53%,$ 1.215.990, micelu,not available,0,no
86,APPLE, Reacondicionado Iphone 11 128Gb Negro Apple,$ 2.850.900,-51%,$ 1.381.990, micelu,not available,0,no
107,APPLE,Iphone 12 Pro 128 Gb Dorado Reacondicionado,$ 2.755.700,-31%,$ 1.899.900, ventas hatior colombia,not available,0,no
113,APPLE, Reacondicionado Iphone 11 Pro 64Gb Gris Espacial Space Gray,$ 3.159.900,-50%,$ 1.567.100, micelu,not available,0,no
116,APPLE,Iphone 13 Pro Max 256Gb Grafito Reacondicionado,$ 4.100.000,-21%,$ 3.200.000, idroid colombia,not available,0,no
118,APPLE,Iphone 12 Pro Grafito 256Gb Reacondicionado,$ 3.500.000,-38%,$ 2.154.889, idroid colombia,not available,0,no
119,APPLE, Reacondicionado Iphone 11 128Gb Morado Apple,$ 2.850.000,-51%,$ 1.381.990, micelu,not available,0,no
121,APPLE,IPHONE 14 PRO 256 GB REACONDICIONADO COLOR MORADO,$ 4.599.900,-25%,$ 3.426.990, micelu,not available,0,no
134,APPLE,Iphone 13 Pro Max 256Gb Oro Reacondicionado,$ 3.999.000,-20%,$ 3.199.000, passcall technology,not available,0,no
135,APPLE,Iphone 12 Pro 256 Gb Dorado Reacondicionado,$ 6.599.900,-67%,$ 2.149.755, ecocell,not available,0,no
136,APPLE, Iphone X Reacondicionado Plateado 256 Gb,$ 2.159.900,-30%,$ 1.499.900, micelu,not available,0,no
138,SAMSUNG, Reacondicionado Samsung A30 Negro,$ 999.900,-70%,$ 299.900, quiero mac,not available,0,no
148,SAMSUNG, Reacondicionado Galaxy A21s Negro 128Gb Samsung,$ 799.900,-50%,$ 399.900, quiero mac,not available,0,no
155,APPLE,iPhone 12 64Gb Blanco Reacondicionado,$ 1.999.900,-25%,$ 1.499.000, ventas hatior colombia,not available,0,no
157,SAMSUNG, Samsung Galaxy S21 5G 128 Gb Phantom Gray Refurbi (Reacondicionado),$ 2.799.900,-51%,$ 1.349.900, ecocell,not available,0,no
164,APPLE,Iphone 12 128Gb Blanco Reacondicionado,$ 3.000.000,-46%,$ 1.599.800, micelu,not available,0,no
165,APPLE,Iphone 12 64Gb Lila Reacondicionado,$ 2.499.000,-44%,$ 1.399.059, idroid colombia,not available,0,no
171,APPLE, Reacondicionado Iphone 12 Pro Max 256 Gb Plateado Silver,$ 3.099.900,-22%,$ 2.389.988, ventas hatior colombia,not available,0,no
191,APPLE,Iphone 12 Pro Grafito 256Gb Reacondicionado + REGALO Audifonos & Cargador,$ 3.270.900,-30%,$ 2.289.564, ventas hatior colombia,not available,0,yes
201,APPLE,IPHONE 13 PRO MAX 128 GB REACONDICIONADO COLOR GRAFITO,$ 4.499.000,-38%,$ 2.749.899, idroid colombia,not available,0,no
202,APPLE,iPhone 13 Pro Azul 256Gb Reacondicionado + REGALO Audifonos & Cargador,$ 4.599.900,-35%,$ 2.989.900, micelu,not available,0,yes
203,APPLE,IPHONE 14 PRO MAX 128 GB REACONDICIONADO COLOR MORADO,$ 4.499.900,-16%,$ 3.759.898, ventas hatior colombia,not available,0,no
210,APPLE, Reacondicionado Iphone 11 128Gb Blanco Apple,$ 3.499.900,-62%,$ 1.327.988, ecocell,not available,0,no
214,APPLE, Reacondicionado Iphone Se 2020 64Gb Negro Apple + 14 Meses Garantia,$ 1.249.900,-52%,$ 599.900, quiero mac,available,14,no
219,APPLE, Reacondicionado Iphone Xr 64Gb Blanco Apple,$ 2.699.900,-66%,$ 897.028, ecocell,not available,0,no
220,APPLE,Iphone 12 128Gb Lila Reacondicionado,$ 3.000.000,-46%,$ 1.599.800, micelu,not available,0,no
221,APPLE,IPHONE 12 PRO 128 GB REACONDICIONADO COLOR AZUL PACIFICO,$ 3.299.000,-41%,$ 1.938.326, idroid colombia,not available,0,no
222,APPLE, Reacondicionado Iphone 11 Pro 64Gb Verde Medianoche Midnight Green,$ 3.159.900,-50%,$ 1.567.100, micelu,not available,0,no
223,APPLE,IPHONE 13 PRO 128 GB REACONDICIONADO COLOR GRAFITO,$ 2.890.000,-11%,$ 2.548.000, tecnologia online,not available,0,no
227,APPLE,Iphone 13 128Gb Rosa Reacondicionado,$ 2.499.900,-16%,$ 2.099.800, ventas hatior colombia,not available,0,no
228,APPLE,IPHONE 13 PRO MAX 128 GB REACONDICIONADO COLOR AZUL SIERRA,$ 3.978.900,-25%,$ 2.949.890, mundomovil 2020,not available,0,no
229,APPLE,Iphone 11 Pro 64 Gb Verde Esmeralda Reacondicionado,$ 2.500.000,-37%,$ 1.567.098, idroid colombia,not available,0,no
235,APPLE,iPhone 14 Pro Max 256Gb Blanco Reacondicionado Audífonos + Cargador,$ 5.300.000,-19%,$ 4.269.900, micelu,not available,0,yes
237,APPLE,iPhone 11 64Gb Verde Reacondicionado + 14 Meses Garantia,$ 2.550.000,-52%,$ 1.215.990, micelu,available,14,no
242,APPLE,IPHONE 11 128 GB REACONDICIONADO COLOR NEGRO,$ 2.299.000,-39%,$ 1.380.769, idroid colombia,not available,0,no
243,ZTE, Zte A31 Lite 32 Azul Reacondicionado,$ 349.900,-65%,$ 119.900, quiero mac,not available,0,no
244,APPLE,IPHONE 14 PRO MAX 256 GB REACONDICIONADO COLOR MORADO,$ 4.999.000,-21%,$ 3.948.889, idroid colombia,not available,0,no
254,APPLE,Iphone 14 Pro 256Gb Negro Espacial Reacondicionado,$ 4.599.900,-25%,$ 3.426.990, micelu,not available,0,no
259,SAMSUNG,Samsung Galaxy A30 64 Negro Reacondicionado,$ 629.900,-52%,$ 299.900, quiero mac,not available,0,no
261,APPLE, Reacondicionado Iphone Xs Max 64Gb Dorado Apple,$ 2.699.900,-61%,$ 1.048.044, ecocell,not available,0,no
262,APPLE,iPhone Se 2020 128Gb Blanco Reacondicionado,$ 1.999.900,-65%,$ 699.900, quiero mac,not available,0,no
263,APPLE,Iphone 12 128Gb Morado Reacondicionado,$ 3.000.000,-46%,$ 1.599.800, micelu,not available,0,no
265,APPLE, Reacondicionado Iphone 11 Pro Max 256 Gb Gris Espacial Space Gray,$ 3.100.000,-36%,$ 1.969.488, idroid colombia,not available,0,no
268,APPLE,Iphone Xr 64Gb Black Reacondicionado,$ 2.399.900,-62%,$ 897.028, ecocell,not available,0,no
270,APPLE,Iphone 12 128Gb Azul Reacondicionado,$ 3.000.000,-46%,$ 1.599.800, micelu,not available,0,no
282,APPLE, Iphone 13 Pro Max 512Gb Sierra Blue (Reacondicionado),$ 4.199.900,-19%,$ 3.389.899, ventas hatior colombia,not available,0,no
293,APPLE,Iphone 13 128Gb Blanco Estelar Reacondicionado,$ 3.999.000,-48%,$ 2.049.900, idroid colombia,not available,0,no
294,APPLE, Apple Iphone 12 Pro Max 128Gb Azul Reacondicionado,$ 3.500.000,-34%,$ 2.299.851, idroid colombia,not available,0,no
298,ZTE, Zte A31 Lite 32 Gris Reacondicionado,$ 349.900,-65%,$ 119.900, quiero mac,not available,0,no
304,APPLE,Iphone 14 Pro Max 256Gb Deep Purple Reacondicionado + Cargador 20W + Cable Usb C,$ 4.799.900,-19%,$ 3.849.990, tecnotienda col,not available,0,yes
305,APPLE, Iphone 11 Verde 128Gb Reacondicionado,$ 3.100.000,-55%,$ 1.388.999, idroid colombia,not available,0,no
317,ZTE, Zte Blade A3 Lite 32 Negro Reacondicionado,$ 329.900,-63%,$ 119.900, quiero mac,not available,0,no
318,APPLE, Reacondicionado Iphone Xr 128Gb Negro Apple,$ 2.699.900,-61%,$ 1.049.888, ecocell,not available,0,no
319,APPLE,Iphone 11 64 Gb Rojo Reacondicionado,$ 2.550.000,-52%,$ 1.215.990, micelu,not available,0,no
325,APPLE,Iphone 13 128Gb Medianoche Reacondicionado,$ 3.999.000,-48%,$ 2.049.900, idroid colombia,not available,0,no
326,APPLE,Iphone 13 Pro Max 256Gb Azul Sierra Reacondicionado,$ 4.899.900,-35%,$ 3.139.900, ecocell,not available,0,no
328,APPLE, Reacondicionado Iphone 11 128Gb Morado Apple,$ 3.499.900,-60%,$ 1.380.988, ecocell,not available,0,no
330,APPLE,IPHONE 14 PRO MAX 256 GB REACONDICIONADO COLOR PLATA,$ 4.999.000,-19%,$ 3.999.890, idroid colombia,not available,0,no
333,APPLE,Iphone Xr 64Gb Red Reacondicionado,$ 2.399.900,-63%,$ 879.900, quiero mac,not available,0,no
335,APPLE,iPhone SE 2020 64Gb Black Reacondicionado + 12 Meses Garantia,$ 1.249.900,-52%,$ 599.900, quiero mac,available,12,no
339,APPLE,Iphone 13 Pro Max 128Gb Verde Alpino Reacondicionado,$ 3.378.889,-14%,$ 2.899.899, ventas hatior colombia,not available,0,no
354,APPLE,Iphone Reacondicionado 12 Pro Max 256 Gbazul Pacifico,$ 3.500.000,-28%,$ 2.499.929, idroid colombia,not available,0,no
360,APPLE, Apple Iphone 13 Pro Max 128Gb Oro Reacondicionado,$ 3.399.900,-14%,$ 2.899.899, ventas hatior colombia,not available,0,no
361,APPLE,Iphone 14 128 Gb Reacondicionado Color Blanco Estelar,$ 3.199.900,-21%,$ 2.499.900, ventas hatior colombia,not available,0,no
362,APPLE,iPhone 11 64Gb Blanco Reacondicionado + 14 Meses Garantia,$ 2.550.000,-52%,$ 1.215.990, micelu,available,14,no
373,APPLE, Reacondicionado Iphone 8 64Gb Gris Espacial Apple + 14 Meses Garantia,$ 1.199.900,-58%,$ 499.690, quiero mac,available,14,no
381,APPLE,Iphone Se 2020 128Gb Rojo Reacondicionado,$ 1.349.900,-48%,$ 699.900, quiero mac,not available,0,no
383,APPLE,Iphone 13 Pro Max 256Gb Plata Reacondicionado,$ 4.499.000,-26%,$ 3.299.000, idroid colombia,not available,0,no
391,VIVO,Vivo Y11s 32 Azul Reacondicionado,$ 599.900,-61%,$ 229.900, quiero mac,not available,0,no
394,APPLE,IPHONE 12 PRO MAX 256 GB REACONDICIONADO COLOR ORO,$ 3.499.000,-28%,$ 2.499.977, idroid colombia,not available,0,no
395,APPLE, Reacondicionado Iphone 11 Pro Max 256Gb Dorado Apple,$ 2.461.900,-20%,$ 1.969.499, ventas hatior colombia,not available,0,no
397,APPLE, Reacondicionado iPhone 12 64Gb Verde,$ 3.099.900,-54%,$ 1.399.060, quiero mac,not available,0,no
399,HUAWEI,Huawei Y9 2019 64 Negro Reacondicionado,$ 699.900,-58%,$ 289.900, quiero mac,not available,0,no
402,ZTE, Zte A31 Lite 32 Negro Reacondicionado,$ 349.900,-65%,$ 119.900, quiero mac,not available,0,no
404,SAMSUNG,Samsung Galaxy S21 Plus 5G 256 Gb Negro Fantasma Reacondicionado,$ 2.899.900,-43%,$ 1.649.900, ecocell,not available,0,no
413,APPLE, Reacondicionado Iphone 11 Blanco 128Gb,$ 3.499.900,-61%,$ 1.358.997, ecocell,not available,0,no
419,APPLE,Iphone 12 Pro Max 256Gb Reacondicionado Negro,$ 3.572.900,-30%,$ 2.499.989, ventas hatior colombia,not available,0,no
420,APPLE,Iphone 11 128Gb Reacondicionado Lila,$ 2.899.990,-52%,$ 1.381.990, micelu,not available,0,no
421,APPLE,IPHONE 12 PRO MAX 128 GB REACONDICIONADO COLOR ORO,$ 3.500.000,-32%,$ 2.349.693, idroid colombia,not available,0,no
424,APPLE, Iphone 12 Negro 64Gb Reacondicionado,$ 3.299.900,-57%,$ 1.399.490, quiero mac,not available,0,no
430,APPLE, Reacondicionado Iphone Se 64Gb Rojo Apple + 14 Meses Garantia,$ 1.249.900,-50%,$ 620.020, quiero mac,available,14,no
431,APPLE,iPhone 13 Mini 128GB Negro Reacondicionado,$ 3.499.900,-48%,$ 1.799.900, quiero mac,not available,0,no
432,APPLE,Iphone X 64Gb Plata Apple Reacondicionado,$ 1.649.900,-49%,$ 828.590, quiero mac,not available,0,no
434,APPLE, Reacondicionado Iphone 11 128Gb Rojo,$ 2.599.900,-46%,$ 1.388.998, ecocell,not available,0,no
449,APPLE,Iphone 13 Pro 256Gb Azul Sierra Reacondicionado,$ 4.999.000,-43%,$ 2.799.872, idroid colombia,not available,0,no
450,APPLE, Reacondicionado Iphone Xr 128Gb Blanco Apple,$ 2.999.900,-65%,$ 1.049.888, ecocell,not available,0,no
451,APPLE,Iphone Se 2020 128Gb Negro Reacondicionado,$ 1.799.900,-61%,$ 699.900, quiero mac,not available,0,no
452,APPLE, Reacondicionado Iphone Se 64Gb Rojo Apple,$ 2.799.900,-77%,$ 620.020, quiero mac,not available,0,no
453,APPLE, Reacondicionado Iphone 8 256Gb Gris Espacial Apple,$ 1.499.900,-63%,$ 549.190, quiero mac,not available,0,no
457,APPLE,IPHONE 12 PRO 128 GB REACONDICIONADO COLOR ORO,$ 2.772.900,-30%,$ 1.938.742, ventas hatior colombia,not available,0,no
458,APPLE, Reacondicionado Iphone 11 Pro Max 256Gb Verde Medianoche Apple,$ 2.461.900,-20%,$ 1.969.499, ventas hatior colombia,not available,0,no
459,APPLE,Iphone 15 Pro Max 256Gb Reacondicionado Azul,$ 5.899.900,-12%,$ 5.159.800, ventas hatior colombia,not available,0,no
460,APPLE,Iphone 12 128Gb Blanco Reacondicionado,$ 3.159.900,-49%,$ 1.599.800, micelu,not available,0,no
461,APPLE,IPHONE 11 PRO MAX 256 GB REACONDICIONADO COLOR GRIS ESPACIAL,$ 2.461.900,-20%,$ 1.967.900, ventas hatior colombia,not available,0,no
462,APPLE,Iphone 14 Pro Max 256Gb Negro Espacial Reacondicionado,$ 5.500.000,-27%,$ 3.979.889, idroid colombia,not available,0,no
463,APPLE,Iphone 14 Pro 256Gb Plata Reacondicionado,$ 4.599.900,-25%,$ 3.426.990, micelu,not available,0,no
464,APPLE,Iphone 13 Pro 256Gb Oro Reacondicionado,$ 4.200.000,-33%,$ 2.799.864, idroid colombia,not available,0,no
465,APPLE, Reacondicionado Iphone 11 64Gb Morado,$ 2.550.000,-52%,$ 1.215.990, micelu,not available,0,no
466,APPLE,Iphone 11 Pro Max 64Gb Color Dorado Reacondicionado,$ 3.000.000,-42%,$ 1.725.499, idroid colombia,not available,0,no
467,APPLE, Reacondicionado Iphone 11 Pro 64Gb Gris Espacial Apple,$ 3.159.900,-50%,$ 1.567.100, micelu,not available,0,no
469,APPLE,Iphone 14 Pro 128Gb Morado Oscuro Reacondicionado,$ 4.599.900,-28%,$ 3.293.990, micelu,not available,0,no
470,APPLE,Iphone 12 Pro 256 Gb Azul Pacifico Reacondicionado,$ 6.599.900,-68%,$ 2.099.988, ecocell,not available,0,no
471,SAMSUNG, Samsung Galaxy S21 Fe 5G 256Gb Grafito Reacondicionado,$ 2.099.900,-45%,$ 1.149.900, ecocell,not available,0,no
473,APPLE,Iphone Reacondicionado 12 Pro 128 Gb Azul Pacifico,$ 3.000.000,-35%,$ 1.939.252, idroid colombia,not available,0,no
474,APPLE,iPhone 13 Pro Max 128GB Azul Sierra Reacondicionado,$ 4.999.000,-41%,$ 2.899.861, idroid colombia,not available,0,no
475,APPLE, Apple Iphone 12 Pro Max 256Gb Negro Reacondicionado,$ 3.490.000,-28%,$ 2.499.911, idroid colombia,not available,0,no
477,APPLE, Reacondicionado Iphone 12 Pro Max 128 Gb Graphite Grafito,$ 3.500.000,-36%,$ 2.209.887, idroid colombia,not available,0,no
478,APPLE, Reacondicionado Iphone 7 32Gb Negro Mate Apple,$ 999.900,-60%,$ 399.900, quiero mac,not available,0,no
483,MOTOROLA,Motorola Moto One Fusion 128 Verde Reacondicionado,$ 729.900,-52%,$ 349.900, quiero mac,not available,0,no
484,APPLE,Iphone Se 2020 128Gb White Reacondicionado + 14 Meses Garantia,$ 1.349.900,-48%,$ 699.900, quiero mac,available,14,no
485,APPLE, Iphone 13 Pro Max Gris 512Gb Reacondicionado,$ 4.199.900,-18%,$ 3.429.900, ventas hatior colombia,not available,0,no
486,HYUNDAI,Hyundai L553 16 Azul Reacondicionado,$ 359.900,-55%,$ 159.900, quiero mac,not available,0,no
491,APPLE,iPhone 12 Pro Azul Pacifico 128GB Reacondicionado + Airpods Pro 2 AAA,$ 2.999.900,-30%,$ 2.099.899, ventas hatior colombia,not available,0,yes
493,SAMSUNG,Samsung Galaxy S21 Plus 5G 128 Gb Negro Fantasma Reacondicionado,$ 2.399.900,-41%,$ 1.399.900, ecocell,not available,0,no
495,SAMSUNG,Samsung Galaxy A21s 128 Azul Reacondicionado,$ 999.900,-60%,$ 399.900, quiero mac,not available,0,no
506,APPLE,Iphone 14 Pro 256Gb Morado Oscuro Reacondicionado,$ 4.599.900,-25%,$ 3.426.990, micelu,not available,0,no
507,IPHONE, Iphone 12 64 GB Negro Reacondicionado,$ 2.859.900,-47%,$ 1.499.900, micelu,not available,0,no
508,APPLE,Iphone 11 64Gb White Reacondicionado,$ 2.199.900,-48%,$ 1.130.070, quiero mac,not available,0,no
509,APPLE, Reacondicionado Iphone 11 64Gb Negro Apple,$ 2.550.000,-52%,$ 1.215.990, micelu,not available,0,no
510,XIAOMI,Xiaomi 11 Lite 5G Ne 128 Azul Reacondicionado,$ 1.199.900,-58%,$ 499.900, quiero mac,not available,0,no
511,APPLE,Iphone 14 128Gb Reacondicionado Lila,$ 2.999.900,-16%,$ 2.499.900, ventas hatior colombia,not available,0,no
512,APPLE,Iphone 13 Pro Max 128Gb Grafito Reacondicionado,$ 4.999.000,-41%,$ 2.899.767, idroid colombia,not available,0,no
513,APPLE,Iphone 13 Pro Max 128Gb Oro Reacondicionado,$ 4.999.000,-41%,$ 2.899.874, idroid colombia,not available,0,no
514,APPLE,IPHONE 14 PRO 256 GB REACONDICIONADO COLOR PLATA,$ 4.599.900,-25%,$ 3.426.990, micelu,not available,0,no
516,APPLE,iPhone 13 Pro 256gb Dorado Reacondicionado + REGALO Audifonos & Cargador,$ 3.499.900,-14%,$ 2.999.819, ventas hatior colombia,not available,0,yes
517,APPLE,iPhone 12 128GB Blanco Reacondicionado,$ 3.000.000,-46%,$ 1.599.800, micelu,not available,0,no
518,APPLE,iPhone 12 128GB Verde Reacondicionado,$ 3.000.000,-46%,$ 1.599.800, micelu,not available,0,no
519,APPLE,iPhone 12 128GB Rojo Reacondicionado,$ 3.000.000,-46%,$ 1.599.800, micelu,not available,0,no
520,APPLE,Iphone 12 Pro 256 Gb Plata Reacondicionado,$ 3.499.000,-38%,$ 2.159.542, idroid colombia,not available,0,no
525,APPLE,IPHONE 12 PRO MAX 256 GB REACONDICIONADO COLOR PLATA,$ 3.500.000,-28%,$ 2.499.975, idroid colombia,not available,0,no
526,APPLE, Reacondicionado Iphone 11 64Gb Verde Apple,$ 2.550.000,-52%,$ 1.215.990, micelu,not available,0,no
528,APPLE, Iphone 11 Rojo 128 Gb Reacondicionado,$ 3.499.900,-60%,$ 1.398.941, ecocell,not available,0,no
537,APPLE,Iphone 12 Pro 128 Gb Dorado Reacondicionado,$ 3.100.000,-37%,$ 1.939.649, idroid colombia,not available,0,no
538,APPLE,Iphone Reacondicionado 12 Pro Max 256 Gbdorado,$ 3.500.000,-27%,$ 2.541.989, idroid colombia,not available,0,no
539,APPLE,Iphone 12 Pro 128 Gb Grafito Reacondicionado,$ 3.100.000,-37%,$ 1.939.397, idroid colombia,not available,0,no
540,APPLE,Iphone 12 Azul 64Gb Reacondicionado,$ 2.500.000,-40%,$ 1.497.580, idroid colombia,not available,0,no
542,APPLE,IPHONE 12 64 GB REACONDICIONADO COLOR AZUL,$ 2.199.900,-31%,$ 1.499.775, idroid colombia,not available,0,no
544,APPLE, Iphone 12 Mini 128 Gb Azul Reacondicionado,$ 3.099.875,-40%,$ 1.859.900, maeko,not available,0,no
551,MOTOROLA,Motorola Moto G32 128 Dorado Reacondicionado,$ 999.900,-55%,$ 449.900, quiero mac,not available,0,no
552,APPLE,iPhone 14 Pro Max 128Gb Morado Reacondicionado Audífonos + Cargador,$ 6.129.900,-30%,$ 4.290.786, ventas hatior colombia,not available,0,yes
553,SAMSUNG, Samsung Galaxy S21 Fe 5G 256Gb Verde Reacondicionado,$ 2.099.900,-45%,$ 1.149.900, ecocell,not available,0,no
554,APPLE, Iphone 13 Pro 1Tb Grafito Reacondicionado,$ 6.999.900,-49%,$ 3.549.900, ecocell,not available,0,no
555,APPLE, Reacondicionado Iphone 11 Pro 512Gb Plateado Silver,$ 3.499.900,-48%,$ 1.799.990, re.celu,not available,0,no
556,APPLE, Iphone 11 Reacondicionado Negro 128 Gb,$ 3.299.900,-57%,$ 1.398.745, ecocell,not available,0,no
557,APPLE, Reacondicionado Iphone 11 Amarillo 128 Gb,$ 1.599.900,-12%,$ 1.399.900, ecocell,not available,0,no
559,APPLE,IPHONE 13 PRO MAX 256 GB REACONDICIONADO COLOR AZUL SIERRA,$ 4.499.900,-27%,$ 3.249.900, idroid colombia,not available,0,no
561,VIVO, Vivo V25e 128Gb Purpura Reacondicionado,$ 1.200.000,-54%,$ 549.900, quiero mac,not available,0,no
562,APPLE,iPhone SE 2020 64Gb Red Reacondicionado + 14 Meses Garantia,$ 1.249.900,-52%,$ 599.900, quiero mac,available,14,no
563,APPLE,Iphone X 64Gb Silver Reacondicionado + 12 Meses Garantia,$ 1.649.900,-49%,$ 828.590, quiero mac,available,12,no
564,APPLE,Iphone 12 Pro 128Gb Reacondicionado Negro,$ 2.772.900,-30%,$ 1.939.899, ventas hatior colombia,not available,0,no
565,APPLE,IPHONE 11 PRO MAX 256 GB REACONDICIONADO COLOR VERDE MEDIANOCHE,$ 2.599.900,-24%,$ 1.961.493, ecocell,not available,0,no
566,APPLE,IPHONE 11 PRO 64 GB REACONDICIONADO COLOR PLATA,$ 2.999.000,-47%,$ 1.567.099, idroid colombia,not available,0,no
567,APPLE,Iphone 14 128Gb Medianoche Reacondicionado,$ 3.599.900,-29%,$ 2.541.990, micelu,not available,0,no
568,APPLE, Iphone Xr 128Gb Red Reacondicionado,$ 2.599.900,-58%,$ 1.079.900, micelu,not available,0,no
569,APPLE,Iphone 12 128Gb Reacondicionado Lila,$ 3.000.000,-46%,$ 1.599.800, micelu,not available,0,no
571,APPLE,Iphone 13 Pro Max 256Gb Verde Alpino Reacondicionado,$ 5.300.000,-39%,$ 3.200.000, tu tienda amarena,not available,0,no
572,APPLE,Iphone 13 Pro 256Gb Plata Reacondicionado,$ 4.999.000,-43%,$ 2.799.856, idroid colombia,not available,0,no
573,APPLE,Iphone 13 Pro 256Gb Grafito Reacondicionado,$ 4.999.000,-41%,$ 2.899.869, idroid colombia,not available,0,no
574,APPLE,IPHONE 11 64 GB REACONDICIONADO COLOR NEGRO,$ 2.550.000,-52%,$ 1.215.990, micelu,not available,0,no
575,APPLE,IPHONE 11 64 GB REACONDICIONADO COLOR BLANCO,$ 2.550.000,-52%,$ 1.215.990, micelu,not available,0,no
576,APPLE,Iphone 14 Pro 256Gb Oro Reacondicionado,$ 4.599.900,-25%,$ 3.426.990, micelu,not available,0,no
577,APPLE,iPhone 12 Pro Max 128GB Plata Reacondicionado,$ 3.358.900,-30%,$ 2.349.899, ventas hatior colombia,not available,0,no
578,APPLE,iPhone 11 64Gb Rojo Reacondicionado + 14 Meses Garantia,$ 2.550.000,-52%,$ 1.215.990, micelu,available,14,no
579,APPLE,iPhone 12 Mini 64GB Negro Reacondicionado,$ 1.999.900,-25%,$ 1.499.800, ventas hatior colombia,not available,0,no
580,APPLE,Iphone 12 64Gb Rojo Reacondicionado,$ 1.999.900,-30%,$ 1.399.000, ventas hatior colombia,not available,0,no
581,APPLE, Reacondicionado Iphone 11 64Gb Blanco,$ 2.550.000,-52%,$ 1.215.990, micelu,not available,0,no
582,APPLE,Iphone 12 64Gb Verde Reacondicionado,$ 1.999.800,-30%,$ 1.399.000, ventas hatior colombia,not available,0,no
583,APPLE, Reacondicionado Iphone 11 Pro Max 256Gb Gris,$ 2.461.900,-20%,$ 1.969.499, ventas hatior colombia,not available,0,no
584,APPLE,Iphone 12 Azul 64Gb Reacondicionado,$ 2.099.900,-28%,$ 1.499.600, ventas hatior colombia,not available,0,no
585,APPLE,Reacondicionado Iphone 11 Pro Max 64 Gb Midnight Green,$ 3.599.900,-52%,$ 1.725.900, micelu,not available,0,no
586,APPLE, Reacondicionado Iphone 11 Pro Max 256Gb Plata Apple,$ 2.461.900,-20%,$ 1.969.499, ventas hatior colombia,not available,0,no
587,APPLE, Iphone 11 Reacondicionado Verde 128 Gb,$ 2.299.000,-39%,$ 1.393.951, ventas hatior colombia,not available,0,no
589,APPLE,IPHONE 14 PRO 128 GB REACONDICIONADO COLOR MORADO,$ 4.990.900,-34%,$ 3.289.900, la fabrica del iphone1,not available,0,no
591,APPLE, Reacondicionado Iphone 11 128Gb Blanco,$ 2.399.900,-41%,$ 1.398.718, ecocell,not available,0,no
593,XIAOMI,Xiaomi Redmi Note 11 128 Gris Reacondicionado,$ 1.199.900,-58%,$ 499.900, quiero mac,not available,0,no
595,APPLE,Iphone 14 Pro 128Gb Negro Espacial Reacondicionado,$ 4.859.900,-32%,$ 3.293.990, micelu,not available,0,no
596,APPLE, Reacondicionado Iphone Xr 256Gb Blanco Apple,$ 2.999.900,-59%,$ 1.228.285, ecocell,not available,0,no
598,APPLE, Reacondicionado Iphone 8 256Gb Rojo Apple,$ 1.199.900,-54%,$ 549.190, quiero mac,not available,0,no
599,APPLE,Iphone 14 Pro Max 256Gb Plata Reacondicionado,$ 5.500.000,-25%,$ 4.089.989, idroid colombia,not available,0,no
600,APPLE,Iphone 13 Pro Max 128Gb Plata Reacondicionado,$ 5.000.000,-42%,$ 2.899.880, idroid colombia,not available,0,no
601,APPLE,IPHONE 12 PRO 128 GB REACONDICIONADO COLOR PLATA,$ 3.500.000,-44%,$ 1.939.775, idroid colombia,not available,0,no
606,APPLE, Reacondicionado Iphone Se 64Gb Blanco Apple,$ 2.999.900,-79%,$ 620.007, quiero mac,not available,0,no
611,APPLE, Iphone 11 Pro Reacondicionado Plateado 256 Gb,$ 4.799.900,-60%,$ 1.899.900, ecocell,not available,0,no
614,APPLE,Iphone Reacondicionado 13 Pro 128 Gb Azul Sierra,$ 4.000.000,-35%,$ 2.589.706, idroid colombia,not available,0,no
615,APPLE,IPHONE 12 PRO MAX 256 GB REACONDICIONADO COLOR AZUL PACIFICO,$ 3.500.000,-28%,$ 2.499.900, idroid colombia,not available,0,no
616,APPLE,Iphone 13 Pro 256Gb Grafito Reacondicionado,$ 4.000.000,-27%,$ 2.899.683, idroid colombia,not available,0,no
620,APPLE, Reacondicionado Iphone 11 Pro Max 64Gb Plata Apple,$ 3.599.900,-52%,$ 1.725.900, micelu,not available,0,no
626,APPLE,IPHONE 13 PRO 256 GB REACONDICIONADO COLOR AZUL SIERRA,$ 4.499.000,-33%,$ 2.989.806, idroid colombia,not available,0,no
627,APPLE, Iphone X 64Gb Silver Reacondicionado,$ 1.399.000,-35%,$ 899.900, ventas hatior colombia,not available,0,no
632,APPLE, Reacondicionado Iphone 6S 32Gb Gris Espacial Apple,$ 799.900,-62%,$ 299.900, quiero mac,not available,0,no
635,APPLE, Reacondicionado Apple Iphone 8 64Gb Plata,$ 1.299.900,-61%,$ 499.690, quiero mac,not available,0,no
636,VIVO,Vivo Y21s 128 Azul Reacondicionado,$ 999.900,-67%,$ 329.900, quiero mac,not available,0,no
637,APPLE, Reacondicionado Iphone 11 128Gb Morado Apple,$ 3.999.900,-65%,$ 1.396.995, ecocell,not available,0,no
639,APPLE,IPHONE 14 PLUS 128 GB REACONDICIONADO COLOR BLANCO ESTELAR,$ 4.244.721,-20%,$ 3.395.777, maeko,not available,0,no
641,APPLE, Iphone 12 Mini 64Gb Verde Reacondicionado,$ 2.399.900,-44%,$ 1.339.900, ventas hatior colombia,not available,0,no
642,APPLE, Iphone 13 Pro Max Gris 256Gb Reacondicionado,$ 3.981.075,-20%,$ 3.184.860, maeko,not available,0,no
644,MOTOROLA,Motorola Moto G42 128 Rosa Reacondicionado,$ 1.099.900,-54%,$ 499.900, quiero mac,not available,0,no
645,HUAWEI,Huawei Y5 2018 16 Negro Reacondicionado,$ 499.900,-60%,$ 199.900, quiero mac,not available,0,no
646,HUAWEI,Huawei Y9 2019 64 Azul Reacondicionado,$ 699.900,-58%,$ 289.900, quiero mac,not available,0,no
647,VIVO,Vivo Y53s 128 Azul Reacondicionado,$ 1.499.900,-66%,$ 499.900, quiero mac,not available,0,no
648,VIVO,Vivo Y33s 128 Negro Reacondicionado,$ 1.099.900,-63%,$ 399.900, quiero mac,not available,0,no
649,XIAOMI,Xiaomi Redmi Note 8 64 Azul Reacondicionado,$ 999.900,-62%,$ 379.900, quiero mac,not available,0,no
650,VIVO,Vivo Y21s 128 Tornasol Reacondicionado,$ 999.900,-67%,$ 329.900, quiero mac,not available,0,no
652,APPLE,iPhone 12 Pro Plata 128GB Reacondicionado + Airpods Pro 2 AAA,$ 2.999.900,-30%,$ 2.099.899, ventas hatior colombia,not available,0,yes
653,APPLE,Iphone X 64Gb Plata Reacondicionado + 14 Meses Garantia,$ 1.649.900,-49%,$ 828.590, quiero mac,available,14,no
654,APPLE,Iphone X 64Gb Plata Reacondicionado + 12 Meses Garantia,$ 1.649.900,-49%,$ 828.590, quiero mac,available,12,no
655,APPLE,Iphone Se 2020 128Gb Negro Reacondicionado + 14 Meses Garantia,$ 1.799.900,-61%,$ 699.900, quiero mac,available,14,no
657,APPLE,Iphone Se2 128Gb Blanco Reacondicionado,$ 1.899.900,-61%,$ 728.018, ecocell,not available,0,no
658,APPLE, Reacondicionado Iphone Se 256Gb Blanco Apple,$ 1.999.900,-62%,$ 759.900, ecocell,not available,0,no
659,APPLE, Reacondicionado Iphone Xr 128Gb Azul Apple,$ 3.689.900,-71%,$ 1.049.900, quiero mac,not available,0,no
660,APPLE, Reacondicionado Iphone 8 256Gb Rojo Apple,$ 1.499.900,-63%,$ 549.190, quiero mac,not available,0,no
661,VIVO, Vivo Y51 128Gb Azul Reacondicionado,$ 950.000,-52%,$ 449.900, quiero mac,not available,0,no
662,VIVO,Vivo Y20s 128 Azul Reacondicionado,$ 899.900,-63%,$ 329.900, quiero mac,not available,0,no
663,SAMSUNG,Samsung Galaxy A33 5G 128 Negro Reacondicionado,$ 1.899.900,-57%,$ 799.900, quiero mac,not available,0,no
664,VIVO,Vivo Y20s 128 Negro Reacondicionado,$ 899.900,-63%,$ 329.900, quiero mac,not available,0,no
665,NOKIA,Nokia G10 64 Azul Reacondicionado,$ 690.000,-17%,$ 570.000, intelcom negocios integrales,not available,0,no
666,HUAWEI,Huawei Poco X3 Pro 64 Azul Reacondicionado,$ 1.299.900,-61%,$ 499.900, quiero mac,not available,0,no
667,MOTOROLA,Motorola Edge 20 Lite 128 Gris Reacondicionado,$ 1.099.900,-54%,$ 499.900, quiero mac,not available,0,no
668,SAMSUNG,Samsung Galaxy S22 128 Rosa Reacondicionado,$ 2.699.900,-37%,$ 1.699.890, ecocell,not available,0,no
669,APPLE,iPhone 12 Pro Grafito 128GB Reacondicionado + Airpods Pro 2 AAA,$ 2.999.900,-30%,$ 2.099.699, ventas hatior colombia,not available,0,yes
670,APPLE, Reacondicionado Iphone X 64Gb Gris Espacial Apple + 14 Meses Garantia,$ 1.999.900,-58%,$ 828.590, quiero mac,available,14,no
673,SAMSUNG, Samsung S22 5G 128Gb Negro Reacondicionado,$ 2.699.900,-31%,$ 1.849.900, ecocell,not available,0,no
674,SAMSUNG, Samsung Galaxy Note 20 128Gb Gris Reacondicionado,$ 2.499.900,-44%,$ 1.399.900, ecocell,not available,0,no
675,APPLE, Iphone 11 128GB Negro Reacondicionado,$ 2.599.900,-46%,$ 1.384.911, ecocell,not available,0,no
676,APPLE,Iphone 13 Pro 128Gb Oro Reacondicionado,$ 4.200.000,-33%,$ 2.789.879, idroid colombia,not available,0,no
677,APPLE, Iphone Xr 64Gb Blanco Reacondicionado,$ 3.299.900,-72%,$ 899.750, ecocell,not available,0,no
678,APPLE, Reacondicionado Iphone 11 128Gb Blanco Apple,$ 3.499.900,-60%,$ 1.398.732, ecocell,not available,0,no
679,APPLE, Reacondicionado Iphone 11 128Gb Negro Apple,$ 2.599.900,-46%,$ 1.398.838, ecocell,not available,0,no
680,APPLE, Reacondicionado Iphone Xr 128Gb Coral Apple,$ 2.599.900,-59%,$ 1.049.899, ecocell,not available,0,no
681,APPLE, Iphone 11 Reacondicionado Blanco 128 Gb,$ 2.399.900,-41%,$ 1.398.731, ecocell,not available,0,no
682,APPLE, Iphone 11 Reacondicionado Morado 128 Gb,$ 2.399.900,-41%,$ 1.396.999, ecocell,not available,0,no
683,APPLE, Iphone Xr Reacondicionado Blanco 64 Gb,$ 2.699.900,-66%,$ 899.750, ecocell,not available,0,no
685,APPLE,Reacondicionado iPhone 13 Pro 256gb Dorado,$ 3.999.000,-20%,$ 3.185.698, idroid colombia,not available,0,no
688,APPLE,iPhone SE 2020 64Gb Black Reacondicionado + 14 Meses Garantia,$ 1.249.900,-52%,$ 599.900, quiero mac,available,14,no
692,APPLE, Reacondicionado Iphone 11 128Gb Blanco Apple,$ 2.399.900,-41%,$ 1.398.735, ecocell,not available,0,no
693,APPLE,Iphone 11 64Gb Reacondicionado Verde,$ 2.550.000,-52%,$ 1.215.990, micelu,not available,0,no
694,APPLE,Iphone 12 128Gb Reacondicionado Verde,$ 3.000.000,-46%,$ 1.599.800, micelu,not available,0,no
695,APPLE,Iphone 11 64Gb Reacondicionado Lila,$ 2.550.000,-52%,$ 1.215.990, micelu,not available,0,no
696,APPLE,Iphone 12 128Gb Reacondicionado Rojo,$ 2.599.990,-38%,$ 1.599.800, micelu,not available,0,no
697,APPLE,Iphone 13 128Gb Reacondicionado Rojo,$ 2.459.000,-10%,$ 2.199.900, ventas hatior colombia,not available,0,no
698,APPLE,Iphone 12 Pro Max 128Gb Reacondicionado Negro,$ 3.356.900,-30%,$ 2.348.900, ventas hatior colombia,not available,0,no
699,APPLE,Iphone 11 Pro 256Gb Reacondicionado Blanco,$ 2.999.990,-33%,$ 1.999.990, micelu,not available,0,no
700,APPLE, Iphone 13 Pro 256Gb Grafito Reacondicionado,$ 4.500.000,-33%,$ 2.999.779, idroid colombia,not available,0,no
701,APPLE, Iphone 13 Pro 256Gb Verde Alpino Reacondicionado,$ 4.159.990,-23%,$ 3.189.900, micelu,not available,0,no
702,APPLE,Iphone 11 64Gb Plata Reacondicionado,$ 1.500.000,-22%,$ 1.158.300, tu tienda amarena,not available,0,no
703,APPLE,Iphone 12 128Gb Negro Reacondicionado,$ 3.000.000,-46%,$ 1.599.800, micelu,not available,0,no
705,APPLE,IPHONE 12 128 GB REACONDICIONADO COLOR BLANCO,$ 3.000.000,-46%,$ 1.599.800, micelu,not available,0,no
706,APPLE,Iphone 14 128Gb Azul Reacondicionado,$ 3.599.900,-29%,$ 2.541.990, micelu,not available,0,no
707,APPLE,Iphone 13 Pro 128Gb Grafito Reacondicionado,$ 5.000.000,-47%,$ 2.629.760, idroid colombia,not available,0,no
708,APPLE,iPhone 11 Rojo 64GB Reacondicionado AirPods Pro AAA,$ 2.159.500,-39%,$ 1.299.800, micelu,not available,0,yes
709,APPLE,Iphone 11 64Gb Red Reacondicionado,$ 2.550.000,-52%,$ 1.215.990, micelu,not available,0,no
710,APPLE,Iphone 11 64Gb Verde Menta Reacondicionado,$ 2.550.000,-52%,$ 1.215.990, micelu,not available,0,no
711,APPLE, Reacondicionado Iphone 11 64Gb Negro + Audifinos Tws Blancos,$ 2.550.000,-49%,$ 1.279.900, micelu,not available,0,no
712,APPLE, Reacondicionado Iphone 12 Pro 128Gb Dorado,$ 4.699.900,-58%,$ 1.939.688, ecocell,not available,0,no
713,APPLE, Apple Iphone 13 Pro Max Azul 256Gb Reacondicionado,$ 4.159.990,-23%,$ 3.188.990, micelu,not available,0,no
714,APPLE, Reacondicionado Iphone 12 Pro Max 128Gb Azul Pacífico Pacific Blue,$ 3.500.000,-32%,$ 2.349.591, idroid colombia,not available,0,no
715,APPLE, Reacondicionado Iphone 11 Pro Max 256 Gb Verde Medianoche Midnight Green,$ 2.461.900,-20%,$ 1.969.499, ventas hatior colombia,not available,0,no
716,APPLE, Reacondicionado Iphone 11 Pro Max 64Gb Dorado Apple,$ 3.599.900,-52%,$ 1.725.900, micelu,not available,0,no
717,APPLE, Reacondicionado Iphone 11 Pro 64Gb Gris Espacial Apple,$ 3.159.900,-50%,$ 1.567.100, micelu,not available,0,no
718,APPLE, Reacondicionado Iphone Xr 64Gb Negro Apple,$ 1.899.900,-53%,$ 879.900, quiero mac,not available,0,no
719,APPLE, Iphone 11 Pro Max Reacondicionado Plateado 256 Gb,$ 3.200.000,-38%,$ 1.969.496, idroid colombia,not available,0,no
720,APPLE,Reacondicionado Iphone 11 Pro 256 Gb Silver,$ 4.799.900,-60%,$ 1.899.900, ecocell,not available,0,no
722,APPLE,IPHONE 14 PLUS 128 GB REACONDICIONADO COLOR MEDIA NOCHE,$ 4.159.990,-35%,$ 2.699.990, micelu,not available,0,no
723,VIVO, Vivo V25 128Gb Dorado Reacondicionado,$ 1.200.000,-54%,$ 549.900, quiero mac,not available,0,no
724,APPLE,Iphone 14 Pro Max 128Gb Reacondicionado Dorado,$ 4.899.990,-21%,$ 3.824.990, micelu,not available,0,no
728,APPLE, Reacondicionado Iphone Xr 128Gb Amarillo Apple,$ 2.999.900,-65%,$ 1.049.888, ecocell,not available,0,no
729,APPLE, Reacondicionado Iphone Se 2020 64Gb Negro Apple,$ 2.999.900,-80%,$ 599.900, quiero mac,not available,0,no
730,APPLE, Iphone 11 Reacondicionado Rojo 128 Gb,$ 3.499.900,-60%,$ 1.398.964, ecocell,not available,0,no
731,APPLE, Iphone X Reacondicionado Plateado 64 Gb,$ 1.399.900,-35%,$ 899.900, ventas hatior colombia,not available,0,no
735,APPLE, Iphone 12 Mini 64Gb Blanco Reacondicionado,$ 1.999.900,-27%,$ 1.459.900, ventas hatior colombia,not available,0,no
736,APPLE, Reacondicionado Iphone Xr 64Gb Coral Apple,$ 2.999.900,-70%,$ 879.900, quiero mac,not available,0,no
737,APPLE, Reacondicionado Iphone 11 128Gb Rojo Apple,$ 3.499.900,-60%,$ 1.398.967, ecocell,not available,0,no
738,APPLE, Iphone 11 Pro Reacondicionado Gris Espacial 256 Gb,$ 2.599.990,-23%,$ 1.985.990, micelu,not available,0,no
739,APPLE, Iphone Xr Reacondicionado Negro 128 Gb,$ 2.699.900,-59%,$ 1.089.685, ecocell,not available,0,no
746,APPLE,IPHONE 14 PRO 256 GB REACONDICIONADO COLOR NEGRO ESPACIAL,$ 4.599.900,-25%,$ 3.426.990, micelu,not available,0,no
750,APPLE,Iphone 14 Pro Max 256Gb Reacondicionado Dorado,$ 5.499.000,-25%,$ 4.089.989, idroid colombia,not available,0,no
753,APPLE,Iphone 13 256Gb Blanco Estelar Reacondicionado,$ 4.899.900,-44%,$ 2.699.900, ecocell,not available,0,no
758,APPLE,Reacondicionado Iphone 11 64 Gb White,$ 2.550.000,-52%,$ 1.215.990, micelu,not available,0,no
759,APPLE,iPhone 11 Negro 64GB Reacondicionado + AirPods Pro AAA,$ 2.850.000,-54%,$ 1.289.900, micelu,not available,0,yes
774,APPLE,IPHONE 12 128 GB REACONDICIONADO COLOR NEGRO,$ 3.000.000,-46%,$ 1.599.800, micelu,not available,0,no
782,APPLE,iPhone 12 Pro 256GB Grafito Reacondicionado,$ 3.500.000,-38%,$ 2.159.770, idroid colombia,not available,0,no
783,APPLE, Reacondicionado Iphone 12 Pro Max 128Gb Oro Apple,$ 3.500.000,-32%,$ 2.349.540, idroid colombia,not available,0,no
786,APPLE,IPHONE 14 PRO MAX 128 GB REACONDICIONADO COLOR PLATA,$ 4.799.000,-17%,$ 3.960.757, idroid colombia,not available,0,no
864,APPLE,Iphone 15 Plus 128 Gb Reacondicionado Color Azul Esim,$ 4.599.900,-24%,$ 3.489.900, la fabrica del iphone1,not available,0,no
874,APPLE, Iphone 13 Pro 1Tb Azul Sierra Reacondicionado,$ 6.999.900,-49%,$ 3.549.900, ecocell,not available,0,no
877,APPLE, Iphone 14 Pro Max 512Gb Graphite Reacondicionado,$ 5.199.900,-18%,$ 4.249.900, tecnotienda col,not available,0,no
883,VIVO, Vivo Y51 128Gb Blanco Reacondicionado,$ 950.000,-52%,$ 449.900, quiero mac,not available,0,no
884,VIVO, Vivo Y35 256Gb Negro Reacondicionado,$ 950.000,-52%,$ 449.900, quiero mac,not available,0,no
885,VIVO, Vivo Y36 128Gb Verde Turqueza Reacondicionado,$ 800.000,-50%,$ 399.900, quiero mac,not available,0,no
886,VIVO, Vivo Y50 128Gb Negro Reacondicionado,$ 800.000,-50%,$ 399.900, quiero mac,not available,0,no
887,VIVO, Vivo Y50 128Gb Azul Reacondicionado,$ 800.000,-50%,$ 399.900, quiero mac,not available,0,no
888,VIVO, Vivo Y36 128Gb Negro Reacondicionado,$ 800.000,-50%,$ 399.900, quiero mac,not available,0,no
889,VIVO, Vivo Y20s 128Gb Azul Reacondicionado,$ 600.000,-45%,$ 329.900, quiero mac,not available,0,no
890,VIVO, Vivo Y35 128Gb Negro Reacondicionado,$ 800.000,-50%,$ 399.900, quiero mac,not available,0,no
891,VIVO, Vivo Y33 128Gb Azul Reacondicionado,$ 800.000,-56%,$ 349.900, quiero mac,not available,0,no
892,VIVO, Vivo Y27 128Gb Azul Reacondicionado,$ 900.000,-55%,$ 399.900, quiero mac,not available,0,no
893,VIVO, Vivo Y33 128Gb Negro Reacondicionado,$ 800.000,-56%,$ 349.900, quiero mac,not available,0,no
894,VIVO, Vivo Y27 128Gb Negro Reacondicionado,$ 900.000,-55%,$ 399.900, quiero mac,not available,0,no
895,VIVO, Vivo V25 128Gb Negro Reacondicionado,$ 1.100.000,-50%,$ 549.900, quiero mac,not available,0,no
896,VIVO, Vivo V20 128Gb Azul Reacondicionado,$ 1.000.000,-50%,$ 499.900, quiero mac,not available,0,no
905,APPLE, Iphone 13 Pro 1 Tb Oro Reacondicionado,$ 6.999.900,-49%,$ 3.549.900, ecocell,not available,0,no
917,SAMSUNG, Samsung Galaxy A32 128Gb Azul Reacondicionado,$ 889.900,-38%,$ 549.900, ecocell,not available,0,no
919,SAMSUNG, Samsung Galaxy A32 128Gb Negro Reacondicionado,$ 889.900,-38%,$ 549.900, ecocell,not available,0,no
922,APPLE, Iphone 13 Pro 1Tb Plata Reacondicionado,$ 6.999.900,-49%,$ 3.549.900, ecocell,not available,0,no
923,XIAOMI,Xiaomi Redmi Note 10S 128 Gris Reacondicionado,$ 1.099.900,-59%,$ 449.900, quiero mac,not available,0,no
924,SAMSUNG,Samsung Galaxy A72 128 Negro Reacondicionado,$ 1.699.900,-52%,$ 799.900, quiero mac,not available,0,no
925,MOTOROLA,Motorola Moto G60 128 Negro Reacondicionado,$ 1.299.900,-53%,$ 599.900, quiero mac,not available,0,no
926,SAMSUNG,Samsung Galaxy M23 128 Azul Claro Reacondicionado,$ 1.699.900,-52%,$ 799.900, quiero mac,not available,0,no
927,NOKIA,Nokia G11 Plus 64 Azul Reacondicionado,$ 699.900,-57%,$ 299.900, quiero mac,not available,0,no
928,HUAWEI,Huawei Y8s 64 Negro Reacondicionado,$ 799.900,-62%,$ 299.900, quiero mac,not available,0,no
929,MOTOROLA,Motorola Moto G32 128 Negro Reacondicionado,$ 999.900,-55%,$ 449.900, quiero mac,not available,0,no
930,VIVO,Vivo V21 128 Negro Reacondicionado,$ 1.099.900,-54%,$ 499.900, quiero mac,not available,0,no
931,SAMSUNG,Samsung Galaxy S22 Plus 256 Negro Reacondicionado,$ 4.499.900,-53%,$ 2.099.900, quiero mac,not available,0,no
932,XIAOMI,Xiaomi Redmi Note 10 Pro 128 Gris Reacondicionado,$ 1.799.900,-55%,$ 799.900, quiero mac,not available,0,no
933,XIAOMI,Xiaomi Redmi Note 9 128 Azul Reacondicionado,$ 999.900,-60%,$ 399.900, quiero mac,not available,0,no
934,MOTOROLA,Motorola Moto G100 128 Azul Reacondicionado,$ 1.999.900,-55%,$ 899.900, quiero mac,not available,0,no
935,XIAOMI,Xiaomi Redmi Note 11 128 Azul Reacondicionado,$ 1.199.900,-58%,$ 499.900, quiero mac,not available,0,no
936,MOTOROLA,Motorola Moto E7 Plus 64 Azul Mystic Reacondicionado,$ 759.900,-60%,$ 299.900, quiero mac,not available,0,no
937,SAMSUNG,Samsung Galaxy M31 128 Fucsia Reacondicionado,$ 1.099.900,-54%,$ 499.900, quiero mac,not available,0,no
938,VIVO,Vivo Y50 128 Negro Reacondicionado,$ 1.099.900,-63%,$ 399.900, quiero mac,not available,0,no
939,VIVO,Vivo V21 128 Azul Ocaso Reacondicionado,$ 1.199.900,-58%,$ 499.900, quiero mac,not available,0,no
940,MOTOROLA,Motorola Moto G32 128 Gris Reacondicionado,$ 999.900,-55%,$ 449.900, quiero mac,not available,0,no
941,VIVO,Vivo Y22s 128 Azul Destellante Reacondicionado,$ 1.099.900,-63%,$ 399.900, quiero mac,not available,0,no
942,XIAOMI,Xiaomi Redmi Note 11 128 Blanco Reacondicionado,$ 1.199.900,-58%,$ 499.900, quiero mac,not available,0,no
943,XIAOMI,Xiaomi Redmi Note 10 Pro 128 Azul Reacondicionado,$ 1.799.900,-55%,$ 799.900, quiero mac,not available,0,no
944,MOTOROLA,Motorola Moto G200 128 Morado Reacondicionado,$ 2.199.900,-54%,$ 999.900, quiero mac,not available,0,no
945,XIAOMI,Xiaomi Redmi Note 11S 128 Azul Reacondicionado,$ 1.199.900,-58%,$ 499.900, quiero mac,not available,0,no
946,XIAOMI,Xiaomi Redmi Note 11 128 Azul Ocaso Reacondicionado,$ 1.199.900,-58%,$ 499.900, quiero mac,not available,0,no
947,VIVO,Vivo Y33s 128 Azul Reacondicionado,$ 1.099.900,-63%,$ 399.900, quiero mac,not available,0,no
948,SAMSUNG,Samsung Galaxy A53 128 Azul Reacondicionado,$ 2.199.900,-54%,$ 999.900, quiero mac,not available,0,no
949,MOTOROLA,Motorola Moto G31 128 Azul Reacondicionado,$ 899.900,-52%,$ 429.900, quiero mac,not available,0,no
950,SAMSUNG,Samsung Galaxy A71 128 Verde Menta Reacondicionado,$ 1.599.900,-53%,$ 749.900, quiero mac,not available,0,no
951,NOKIA,Nokia 1 Plus 16 Azul Reacondicionado,$ 429.900,-58%,$ 179.900, quiero mac,not available,0,no
952,HUAWEI,Huawei Y7 Prime 2019 32 Aurora Azul Reacondicionado,$ 799.900,-62%,$ 299.900, quiero mac,not available,0,no
953,HUAWEI,Huawei Y8s 64 Verde Reacondicionado,$ 799.900,-62%,$ 299.900, quiero mac,not available,0,no
954,NOKIA, Nokia 5.3 64 Negro Reacondicionado,$ 799.900,-62%,$ 299.900, quiero mac,not available,0,no
955,SAMSUNG,Samsung Galaxy S22 Plus 256 Blanco Reacondicionado,$ 4.499.900,-53%,$ 2.099.900, quiero mac,not available,0,no
956,HUAWEI,Huawei Y9 2018 32 Azul Reacondicionado,$ 759.900,-63%,$ 279.900, quiero mac,not available,0,no
957,XIAOMI,Xiaomi Redmi Note 9 128 Verde Reacondicionado,$ 999.900,-60%,$ 399.900, quiero mac,not available,0,no
958,SAMSUNG,Samsung Galaxy M23 128 Verde Oscuro Reacondicionado,$ 1.699.900,-52%,$ 799.900, quiero mac,not available,0,no
959,MOTOROLA,Motorola Moto G60 128 Gris Reacondicionado,$ 1.299.900,-53%,$ 599.900, quiero mac,not available,0,no
960,VIVO,Vivo Y50 128 Azul Reacondicionado,$ 1.099.900,-63%,$ 399.900, quiero mac,not available,0,no
961,XIAOMI,Xiaomi Redmi 9C 64 Gris Reacondicionado,$ 629.900,-52%,$ 299.900, quiero mac,not available,0,no
962,XIAOMI,Xiaomi Redmi Note 10 Pro 128 Azul Glaciar Reacondicionado,$ 1.799.900,-55%,$ 799.900, quiero mac,not available,0,no
963,HYUNDAI,Hyundai L553 16 Rojo Reacondicionado,$ 359.900,-55%,$ 159.900, quiero mac,not available,0,no
964,HYUNDAI,Hyundai L553 16 Verde Reacondicionado,$ 359.900,-55%,$ 159.900, quiero mac,not available,0,no
965,XIAOMI,Xiaomi Mi 10T Pro 256 Azul Reacondicionado,$ 2.199.900,-54%,$ 999.900, quiero mac,not available,0,no
974,APPLE,Iphone 12 Pro 256Gb Reacondicionado Azul,$ 3.700.000,-43%,$ 2.099.990, micelu,not available,0,no
975,APPLE,Iphone 12 Pro 256Gb Reacondicionado Negro,$ 3.399.900,-36%,$ 2.154.913, ecocell,not available,0,no
976,APPLE,Iphone 14 Pro 256Gb Reacondicionado Dorado,$ 4.599.900,-25%,$ 3.426.990, micelu,not available,0,no
977,APPLE,Iphone 11 Pro 256Gb Reacondicionado Negro,$ 2.799.990,-35%,$ 1.819.900, suncell-sucel,not available,0,no
978,APPLE,Iphone 12 Pro 256Gb Reacondicionado Blanco,$ 2.699.900,-20%,$ 2.159.895, ecocell,not available,0,no
979,APPLE,Iphone 14 128Gb Reacondicionado Rojo,$ 3.999.900,-37%,$ 2.499.900, ventas hatior colombia,not available,0,no
980,APPLE,Iphone 12 64Gb Reacondicionado Rojo,$ 2.859.900,-47%,$ 1.499.900, micelu,not available,0,no
981,APPLE,Iphone 15 128Gb Reacondicionado Azul,$ 4.899.990,-34%,$ 3.199.990, micelu,not available,0,no
983,APPLE,Iphone 12 64Gb Reacondicionado Lila,$ 2.859.900,-47%,$ 1.499.900, micelu,not available,0,no
984,APPLE,Iphone 13 Pro 128Gb Reacondicionado Blanco,$ 3.287.300,-20%,$ 2.629.840, maeko,not available,0,no
985,APPLE,Iphone 13 128Gb Reacondicionado Azul,$ 3.500.000,-43%,$ 1.985.000, celulander,not available,0,no
991,APPLE, Iphone 13 Pro 256Gb Oro Reacondicionado,$ 4.500.000,-33%,$ 2.999.690, idroid colombia,not available,0,no
992,APPLE, Iphone 13 Pro 128Gb Plata Reacondicionado,$ 4.300.000,-38%,$ 2.659.989, idroid colombia,not available,0,no
993,SAMSUNG, Samsung S22 5G 128Gb Verde Reacondicionado,$ 2.699.900,-31%,$ 1.849.900, ecocell,not available,0,no
994,APPLE, Iphone 13 Pro 256Gb Plata Reacondicionado,$ 4.999.000,-41%,$ 2.899.827, idroid colombia,not available,0,no
995,APPLE, Iphone 13 Pro 128Gb Verde Alpino Reacondicionado,$ 3.899.900,-32%,$ 2.629.900, la fabrica del iphone1,not available,0,no
996,APPLE,iphone 13 Pro 256Gb Azul Sierra Reacondicionado,$ 4.499.000,-33%,$ 2.999.794, idroid colombia,not available,0,no
997,APPLE, Iphone 13 Pro 128Gb Grafito Reacondicionado,$ 3.999.000,-33%,$ 2.659.989, idroid colombia,not available,0,no
998,APPLE, Iphone 13 Pro 128Gb Azul Sierra Reacondicionado,$ 4.499.000,-40%,$ 2.659.989, idroid colombia,not available,0,no
999,APPLE, Iphone 13 Pro 128Gb Oro Reacondicionado,$ 4.000.000,-33%,$ 2.659.989, idroid colombia,not available,0,no
1001,APPLE,Iphone 13 Pro 256Gb Oro Reacondicionado,$ 5.000.000,-36%,$ 3.179.900, idroid colombia,not available,0,no
1006,SAMSUNG, Samsung S22 5G 256Gb Negro Reacondicionado,$ 3.699.900,-45%,$ 1.999.900, ecocell,not available,0,no
1007,SAMSUNG, Samsung S22 5G 128Gb Rosa Reacondicionado,$ 2.699.900,-31%,$ 1.849.900, ecocell,not available,0,no
1008,SAMSUNG, Samsung S22 5G 128Gb Purpura Reacondicionado,$ 3.699.900,-50%,$ 1.849.900, ecocell,not available,0,no
1015,APPLE,Iphone 13 256Gb Rojo Reacondicionado,$ 4.899.900,-44%,$ 2.699.900, ecocell,not available,0,no
1016,APPLE,Iphone 13 256Gb Medianoche Reacondicionado,$ 4.899.900,-44%,$ 2.699.900, ecocell,not available,0,no
1017,APPLE,Iphone 13 256Gb Rosa Reacondicionado,$ 4.899.900,-44%,$ 2.699.900, ecocell,not available,0,no
1018,APPLE,Iphone 13 256Gb Azul Reacondicionado,$ 4.899.900,-44%,$ 2.699.900, ecocell,not available,0,no
1019,SAMSUNG,SAMSUNG GALAXY A22 NEGRO REACONDICIONADO,$ 999.900,-50%,$ 499.900, quiero mac,not available,0,no
1021,APPLE,Iphone 13 Pro Max 256Gb Azul Sierra Reacondicionado,$ 5.200.000,-37%,$ 3.249.888, idroid colombia,not available,0,no
1022,APPLE,Iphone 13 Pro Max 128Gb Azul Sierra Reacondicionado,$ 4.999.000,-42%,$ 2.898.982, idroid colombia,not available,0,no
1023,APPLE,Iphone 11 64Gb Gris Espacial Reacondicionado,$ 1.990.000,-42%,$ 1.139.000, celulander,not available,0,no
1024,APPLE,Iphone 13 Pro Max 256Gb Grafito Reacondicionado,$ 4.999.000,-35%,$ 3.199.858, idroid colombia,not available,0,no
1027,APPLE,Iphone 12 Pro 256Gb Azul Pacifico Reacondicionado,$ 3.700.000,-43%,$ 2.099.990, micelu,not available,0,no
1028,APPLE,Iphone 11 64Gb Verde Reacondicionado,$ 1.960.000,-40%,$ 1.158.300, tu tienda amarena,not available,0,no
1029,APPLE,Iphone 12 128Gb Verde Reacondicionado,$ 3.000.000,-46%,$ 1.599.800, micelu,not available,0,no
1030,APPLE,Iphone 14 Pro Max 128Gb Morado Oscuro Reacondicionado,$ 6.900.000,-44%,$ 3.824.989, idroid colombia,not available,0,no
1032,APPLE, Reacondicionado iPhone 12 Mini Blanco 64Gb,$ 1.999.900,-33%,$ 1.339.900, ventas hatior colombia,not available,0,no
1033,APPLE,Iphone 13 Pro 256Gb Verde Alpino Reacondicionado,$ 4.159.900,-23%,$ 3.189.900, micelu,not available,0,no
1034,APPLE,Iphone 13 Pro Max 256Gb Plata Reacondicionado,$ 5.000.000,-34%,$ 3.289.688, idroid colombia,not available,0,no
1035,APPLE,Iphone 13 Pro 256Gb Oro Reacondicionado,$ 4.999.000,-40%,$ 2.989.786, idroid colombia,not available,0,no
1036,APPLE,Iphone 13 Pro 128Gb Verde Alpino Reacondicionado,$ 3.899.900,-31%,$ 2.659.990, micelu,not available,0,no
1054,APPLE,IPHONE 14 PRO MAX 256 GB REACONDICIONADO COLOR NEGRO ESPACIAL,$ 5.299.000,-19%,$ 4.290.601, idroid colombia,not available,0,no
1055,APPLE,IPHONE 14 PRO MAX 128 GB REACONDICIONADO COLOR NEGRO ESPACIAL,$ 4.799.000,-19%,$ 3.879.797, idroid colombia,not available,0,no
1056,APPLE,IPHONE 14 PRO 128 GB REACONDICIONADO COLOR PLATA,$ 4.599.990,-28%,$ 3.293.990, micelu,not available,0,no
1057,APPLE,IPHONE 14 PRO 128 GB REACONDICIONADO COLOR NEGRO ESPACIAL,$ 4.899.990,-32%,$ 3.293.990, micelu,not available,0,no
1058,APPLE,IPHONE 14 128 GB REACONDICIONADO COLOR AZUL,$ 3.699.000,-35%,$ 2.397.000, idroid colombia,not available,0,no
1059,APPLE,IPHONE 13 PRO MAX 256 GB REACONDICIONADO COLOR VERDE ALPINO,$ 5.300.000,-39%,$ 3.200.000, tu tienda amarena,not available,0,no
1060,APPLE,IPHONE 13 PRO MAX 256 GB REACONDICIONADO COLOR GRAFITO,$ 4.499.000,-26%,$ 3.298.417, idroid colombia,not available,0,no
1061,APPLE,IPHONE 13 PRO 256 GB REACONDICIONADO COLOR GRAFITO,$ 4.499.000,-33%,$ 2.988.815, idroid colombia,not available,0,no
1062,APPLE,IPHONE 13 PRO 128 GB REACONDICIONADO COLOR AZUL SIERRA,$ 4.299.000,-38%,$ 2.629.720, idroid colombia,not available,0,no
1063,APPLE,IPHONE 13 128 GB REACONDICIONADO COLOR VERDE,$ 2.588.000,-18%,$ 2.099.900, ventas hatior colombia,not available,0,no
1064,APPLE,IPHONE 12 PRO MAX 128 GB REACONDICIONADO COLOR AZUL PACIFICO,$ 3.358.900,-27%,$ 2.449.897, ventas hatior colombia,not available,0,no
1065,APPLE,IPHONE 12 PRO MAX 128 GB REACONDICIONADO COLOR PLATA,$ 3.500.000,-32%,$ 2.349.791, idroid colombia,not available,0,no
1066,APPLE,IPHONE 12 64 GB REACONDICIONADO COLOR BLANCO,$ 2.199.000,-31%,$ 1.498.886, idroid colombia,not available,0,no
1067,APPLE,IPHONE 11 PRO MAX 256 GB REACONDICIONADO COLOR PLATA,$ 2.461.900,-20%,$ 1.969.480, ventas hatior colombia,not available,0,no
1068,APPLE,IPHONE 11 PRO MAX 64 GB REACONDICIONADO COLOR PLATA,$ 3.599.900,-52%,$ 1.725.900, micelu,not available,0,no
1069,APPLE,IPHONE 11 PRO MAX 64 GB REACONDICIONADO COLOR GRIS ESPACIAL,$ 3.599.900,-52%,$ 1.725.900, micelu,not available,0,no
1070,APPLE,IPHONE 11 PRO MAX 64 GB REACONDICIONADO COLOR VERDE MEDIANOCHE,$ 3.599.900,-52%,$ 1.725.900, micelu,not available,0,no
1071,APPLE,IPHONE 11 PRO 64 GB REACONDICIONADO COLOR GRIS ESPACIAL,$ 2.999.000,-47%,$ 1.567.099, idroid colombia,not available,0,no
1072,APPLE,IPHONE 11 PRO 64 GB REACONDICIONADO COLOR VERDE MEDIANOCHE,$ 2.999.000,-47%,$ 1.567.099, idroid colombia,not available,0,no
1073,APPLE,IPHONE XR 64 GB REACONDICIONADO COLOR AZUL,$ 1.500.000,-40%,$ 887.000, celulander,not available,0,no
1074,APPLE,iPhone 12 Pro Oro 128GB Reacondicionado + Airpods Pro 2 AAA,$ 2.999.900,-26%,$ 2.199.900, ventas hatior colombia,not available,0,yes
1075,APPLE,iPhone 12 Pro 128GB Plata Reacondicionado,$ 2.772.900,-30%,$ 1.939.898, ecocell,not available,0,no
1076,APPLE,Iphone Xr 64Gb Negro Reacondicionado,$ 2.000.000,-55%,$ 897.998, ecocell,not available,0,no
1077,APPLE,Iphone 14 Pro Max 256Gb Oro Reacondicionado,$ 5.500.000,-25%,$ 4.089.989, idroid colombia,not available,0,no
1078,APPLE,Iphone 14 Pro Max 256Gb Morado Oscuro Reacondicionado,$ 5.500.000,-25%,$ 4.089.989, idroid colombia,not available,0,no
1079,APPLE,Iphone 14 Pro 128Gb Plata Reacondicionado,$ 4.899.900,-32%,$ 3.293.990, micelu,not available,0,no
1080,APPLE,Iphone 14 Pro 128Gb Oro Reacondicionado,$ 4.850.000,-32%,$ 3.293.990, micelu,not available,0,no
1081,APPLE,Iphone 14 128Gb Morado Reacondicionado,$ 3.599.900,-29%,$ 2.541.990, micelu,not available,0,no
1082,APPLE,Iphone 14 128Gb Blanco Estelar Reacondicionado,$ 3.599.900,-29%,$ 2.541.990, micelu,not available,0,no
1083,APPLE,Iphone 14 128Gb Amarillo Reacondicionado,$ 3.399.900,-11%,$ 2.999.900, ventas hatior colombia,not available,0,no
1084,APPLE,Iphone 13 Pro 128Gb Plata Reacondicionado,$ 4.999.000,-47%,$ 2.629.700, idroid colombia,not available,0,no
1085,APPLE,Iphone 13 Pro 128Gb Oro Reacondicionado,$ 4.999.000,-46%,$ 2.659.989, idroid colombia,not available,0,no
1086,APPLE,Iphone 13 128Gb Azul Reacondicionado,$ 2.455.000,-14%,$ 2.099.900, ventas hatior colombia,not available,0,no
1087,APPLE,Iphone 12 Pro 256Gb Plata Reacondicionado,$ 3.500.000,-38%,$ 2.159.500, idroid colombia,not available,0,no
1088,APPLE,Iphone 12 Pro 256Gb Oro Reacondicionado,$ 3.500.000,-38%,$ 2.158.548, idroid colombia,not available,0,no
1089,APPLE,Iphone 12 Pro 256Gb Grafito Reacondicionado,$ 3.500.000,-38%,$ 2.159.666, idroid colombia,not available,0,no
1090,APPLE,Iphone 14 Pro Max 128Gb Oro Reacondicionado,$ 5.000.000,-23%,$ 3.824.989, idroid colombia,not available,0,no
1091,APPLE,Iphone 14 Pro Max 128Gb Plata Reacondicionado,$ 6.200.000,-38%,$ 3.824.989, idroid colombia,not available,0,no
1092,APPLE,Iphone 14 Pro Max 128Gb Negro Espacial Reacondicionado,$ 5.500.000,-30%,$ 3.824.989, idroid colombia,not available,0,no
1094,APPLE,Iphone 13 Pro 128Gb Azul Sierra Reacondicionado,$ 3.999.000,-34%,$ 2.629.743, idroid colombia,not available,0,no
1095,APPLE,iPhone 13 Pro 128GB Azul Sierra Reacondicionado,$ 3.299.900,-12%,$ 2.898.900, ventas hatior colombia,not available,0,no
1096,APPLE,Iphone X 64Gb Silver Reacondicionado + 14 Meses Garantia,$ 1.649.900,-49%,$ 828.590, quiero mac,available,14,no
1097,APPLE, Reacondicionado Iphone X 64Gb Gris Espacial Apple + 12 Meses Garantia,$ 1.999.900,-58%,$ 828.590, quiero mac,available,12,no
1100,APPLE,Iphone 14 Pro Max 128GB Gris Reacondicionado12 MESES GARANTIA,$ 6.999.900,-40%,$ 4.199.900, quiero mac,available,12,no
1104,APPLE,iPhone 11 Verde 64GB Reacondicionado + AirPods Pro AAA,$ 2.550.000,-49%,$ 1.289.900, micelu,not available,0,yes
1105,APPLE,iPhone 12 256GB Negro Reacondicionado,$ 3.299.900,-46%,$ 1.749.900, quiero mac,not available,0,no
1106,APPLE,iPhone 12 256GB Azul Reacondicionado,$ 3.299.900,-46%,$ 1.749.900, quiero mac,not available,0,no
1107,APPLE,iPhone 12 Mini 64GB Azul Reacondicionado,$ 2.099.900,-21%,$ 1.638.000, maeko,not available,0,no
1116,APPLE, Iphone 12 128 Gb Verde Reacondicionado,$ 3.000.000,-46%,$ 1.599.800, micelu,not available,0,no
1120,APPLE, Reacondicionado Iphone 11 Pro Max 64Gb Verde Medianoche,$ 3.599.900,-52%,$ 1.725.900, micelu,not available,0,no
1121,APPLE, Reacondicionado Iphone 13 Pro Max 256Gb Plateado+ Audifinos Tws Pro Blancos,$ 4.412.375,-20%,$ 3.529.900, maeko,not available,0,no
1122,APPLE, Iphone 12 256 Gb Blanco Reacondicionado,$ 3.074.875,-20%,$ 2.459.900, maeko,not available,0,no
1124,APPLE,Iphone 12 Pro 128 Gb Plata Reacondicionado,$ 3.000.000,-35%,$ 1.939.871, idroid colombia,not available,0,no
1125,APPLE,Iphone 12 Pro 128 Gb Azul Pacifico Reacondicionado,$ 3.000.000,-28%,$ 2.159.382, idroid colombia,not available,0,no
1126,APPLE,Iphone 12 Pro 256 Gb Plata Reacondicionado,$ 6.599.900,-67%,$ 2.159.541, ecocell,not available,0,no
1127,APPLE, Iphone 12 Pro 256 Gb Azul Pacifico Reacondicionado,$ 6.599.900,-65%,$ 2.285.581, ecocell,not available,0,no
1128,APPLE, Iphone 12 256 Gb Negro Reacondicionado,$ 3.074.875,-20%,$ 2.459.900, maeko,not available,0,no
1129,APPLE,Iphone Se2 128Gb Negro Reacondicionado,$ 2.999.900,-75%,$ 729.020, quiero mac,not available,0,no
1131,APPLE,Iphone 8 64Gb Silver Reacondicionado,$ 999.900,-50%,$ 499.690, quiero mac,not available,0,no
1132,APPLE,Iphone 13 Pro 256Gb Azul Sierra Reacondicionado,$ 4.000.000,-27%,$ 2.899.900, idroid colombia,not available,0,no
1133,APPLE, Reacondicionado Iphone 11 128Gb Morado,$ 3.100.000,-54%,$ 1.398.054, idroid colombia,not available,0,no
1136,APPLE, Iphone 11 128Gb Lila Reacondicionado,$ 2.399.900,-42%,$ 1.387.525, ecocell,not available,0,no
1137,APPLE, Iphone 13 Pro Max Azul 256Gb Reacondicionado,$ 4.111.363,-20%,$ 3.289.090, maeko,not available,0,no
1138,APPLE, Iphone 11 64Gb Blanco Reacondicionado,$ 2.550.000,-52%,$ 1.215.990, micelu,not available,0,no
1141,APPLE, Reacondicionado Iphone 13 Pro 128Gb Grafito,$ 3.286.250,-20%,$ 2.629.000, maeko,not available,0,no
1144,APPLE, Reacondicionado Iphone 8 Plus 256Gb Negro,$ 999.000,-11%,$ 889.000, celulares macrocell,not available,0,no
1145,APPLE, Reacondicionado Iphone 11 64Gb Negro,$ 2.699.900,-57%,$ 1.145.099, ecocell,not available,0,no
1147,APPLE, Reacondicionado Iphone 11 128Gb Verde,$ 2.299.000,-39%,$ 1.393.975, ventas hatior colombia,not available,0,no
1148,APPLE, Reacondicionado Iphone 11 128Gb Blanco,$ 2.399.900,-41%,$ 1.398.740, ecocell,not available,0,no
1149,APPLE, Reacondicionado Iphone 11 128Gb Negro,$ 2.599.900,-46%,$ 1.398.845, ecocell,not available,0,no
1150,APPLE, Iphone 11 Reacondicionado Iphone 11 64Gb Blanco,$ 2.550.000,-52%,$ 1.215.990, micelu,not available,0,no
1151,APPLE, Iphone 13 256Gb Rosa Reacondicionado,$ 4.199.875,-20%,$ 3.359.900, maeko,not available,0,no
1152,APPLE, Iphone 11 Reacondicionado 128Gb Morado,$ 3.100.000,-54%,$ 1.395.467, idroid colombia,not available,0,no
1153,APPLE, Reacondicionado Iphone 11 128Gb Morado,$ 3.100.000,-55%,$ 1.388.999, idroid colombia,not available,0,no
1158,APPLE,Iphone 12 128Gb Verde Reacondicionado,$ 3.000.000,-46%,$ 1.599.800, micelu,not available,0,no
1159,APPLE,Iphone 12 Pro 128 Gb Plata Reacondicionado,$ 4.699.900,-48%,$ 2.399.900, ecocell,not available,0,no
1163,APPLE, Reacondicionado Iphone 11 Pro Max 64Gb Negro,$ 3.000.000,-42%,$ 1.723.900, idroid colombia,not available,0,no
1165,APPLE, Apple Iphone 12 Pro Max 512Gb Azul Reacondicionado,$ 5.124.875,-20%,$ 4.099.900, maeko,not available,0,no
1166,APPLE, Iphone 12 Mini 128 Gb Rojo Reacondicionado,$ 2.849.875,-20%,$ 2.279.900, maeko,not available,0,no
1167,APPLE,Iphone Reacondicionado 13 Pro 128 Gbgrafito,$ 4.500.000,-40%,$ 2.659.989, idroid colombia,not available,0,no
1168,APPLE,Iphone Reacondicionado 13 Pro 128 Gbplata,$ 3.287.175,-20%,$ 2.629.740, maeko,not available,0,no
1169,APPLE,Iphone Reacondicionado 13 Pro Max 128 Gbgrafito,$ 4.500.000,-29%,$ 3.170.770, idroid colombia,not available,0,no
1170,APPLE, Iphone Xr 128Gb Blanco Reacondicionado,$ 1.600.000,-31%,$ 1.088.998, ecocell,not available,0,no
1176,APPLE, Iphone 13 Pro Max Azul 128Gb Reacondicionado,$ 3.380.856,-14%,$ 2.899.789, ventas hatior colombia,not available,0,no
1178,APPLE, Reacondicionado Iphone 11 Pro Max 256Gb Dorado Gold,$ 2.461.900,-20%,$ 1.969.498, ventas hatior colombia,not available,0,no
1179,APPLE, Reacondicionado Iphone 11 Pro 256Gb Plateado Silver,$ 4.799.900,-60%,$ 1.899.900, ecocell,not available,0,no
1180,APPLE, Reacondicionado Iphone 11 Pro Max 64Gb Verde Medianoche Midnight Green,$ 3.599.900,-52%,$ 1.725.900, micelu,not available,0,no
1181,APPLE, Reacondicionado Iphone 11 Pro 256 Gb Plateado Silver,$ 4.799.900,-60%,$ 1.899.900, ecocell,not available,0,no
1182,APPLE, Reacondicionado Iphone 11 Pro Max 256Gb Verde Medianoche Midnight Green,$ 3.200.000,-38%,$ 1.969.497, idroid colombia,not available,0,no
1183,APPLE, Reacondicionado Iphone 11 Pro 256Gb Gris Espacial Space Gray,$ 2.863.625,-20%,$ 2.290.900, maeko,not available,0,no
1187,APPLE, Iphone 11 64Gb Blanco Reacondicionado,$ 2.550.000,-52%,$ 1.215.990, micelu,not available,0,no
1200,APPLE,Reacondicionado Iphone 11 256 Gb Red,$ 3.949.875,-20%,$ 3.159.900, maeko,not available,0,no
1201,APPLE,Reacondicionado Iphone 11 Pro Max 64 Gb Gold,$ 3.599.900,-52%,$ 1.725.900, micelu,not available,0,no
1211,APPLE, Reacondicionado Iphone Se 2020 256Gb Negro Apple,$ 1.899.900,-57%,$ 799.900, quiero mac,not available,0,no
1213,APPLE, Iphone 12 Mini 64Gb Negro Reacondicionado,$ 2.099.900,-19%,$ 1.698.000, maeko,not available,0,no
1214,APPLE, Iphone 12 Mini 64Gb Rojo Reacondicionado,$ 1.999.900,-10%,$ 1.789.900, maeko,not available,0,no
1215,APPLE, Iphone 12 Mini 64Gb Azul Reacondicionado,$ 1.999.900,-33%,$ 1.339.900, ventas hatior colombia,not available,0,no
1218,APPLE, Reacondicionado Iphone 11 Pro 64Gb Oro Apple,$ 3.159.900,-50%,$ 1.567.100, micelu,not available,0,no
1222,APPLE, Iphone 13 Pro Max 256Gb Verde Reacondicionado,$ 5.300.000,-39%,$ 3.200.000, tu tienda amarena,not available,0,no
1227,APPLE, Iphone 11 Pro Max Reacondicionado Verde Medianoche 64 Gb,$ 3.599.900,-51%,$ 1.729.900, micelu,not available,0,no
1228,APPLE, Iphone 11 Pro Reacondicionado Gris Espacial 64 Gb,$ 3.159.900,-50%,$ 1.569.900, micelu,not available,0,no
1229,APPLE, Iphone 11 Pro Reacondicionado Verde Medianoche 64 Gb,$ 3.159.900,-50%,$ 1.569.900, micelu,not available,0,no
1230,APPLE, Iphone 11 Pro Reacondicionado Dorado 64 Gb,$ 3.159.900,-50%,$ 1.569.900, micelu,not available,0,no
1231,APPLE, Reacondicionado Iphone Xr 256Gb Coral Apple,$ 2.999.900,-59%,$ 1.229.788, ecocell,not available,0,no
1232,APPLE, Reacondicionado Iphone Xr 64Gb Negro Apple,$ 2.699.900,-66%,$ 897.999, ecocell,not available,0,no
1233,APPLE, Reacondicionado Iphone Xr 256Gb Negro Apple,$ 2.699.900,-54%,$ 1.229.900, ecocell,not available,0,no
1234,APPLE, Reacondicionado Iphone 11 Pro Max 256Gb Dorado Apple,$ 2.461.900,-20%,$ 1.969.499, ventas hatior colombia,not available,0,no
1235,APPLE, Reacondicionado Iphone 11 Pro 64Gb Plata Apple,$ 3.159.900,-50%,$ 1.567.100, micelu,not available,0,no
1236,APPLE, Reacondicionado Iphone 11 Pro 64Gb Verde Medianoche Apple,$ 3.159.900,-50%,$ 1.567.100, micelu,not available,0,no
1237,APPLE, Reacondicionado Iphone 11 Pro Max 64Gb Verde Medianoche Apple,$ 3.599.900,-52%,$ 1.725.898, ecocell,not available,0,no
1238,APPLE, Reacondicionado Iphone 11 Pro Max 64Gb Gris Espacial Apple,$ 3.599.900,-52%,$ 1.725.900, micelu,not available,0,no
1239,APPLE, Reacondicionado Iphone 11 Pro 64Gb Dorado Apple,$ 3.159.900,-50%,$ 1.567.100, micelu,not available,0,no
1240,APPLE, Reacondicionado Iphone 11 256Gb Blanco Apple,$ 2.824.875,-20%,$ 2.259.900, maeko,not available,0,no
1241,APPLE, Reacondicionado Iphone 11 128Gb Negro Apple,$ 3.499.900,-62%,$ 1.327.989, ecocell,not available,0,no
1242,APPLE, Reacondicionado Iphone 11 256Gb Verde Apple,$ 3.074.875,-20%,$ 2.459.900, maeko,not available,0,no
1244,APPLE, Iphone 11 Pro Reacondicionado Verde Media Noche 256 Gb,$ 2.999.990,-36%,$ 1.898.990, micelu,not available,0,no
1245,APPLE, Iphone 11 Pro Reacondicionado Plateado 256 Gb,$ 4.799.900,-60%,$ 1.899.900, ecocell,not available,0,no
1246,APPLE, Iphone 11 Pro Max Reacondicionado Verde Medianoche 512 Gb,$ 5.399.900,-59%,$ 2.199.900, ecocell,not available,0,no
1247,APPLE, Iphone 11 Pro Reacondicionado Dorado 256 Gb,$ 2.799.900,-28%,$ 1.990.900, la fabrica del iphone1,not available,0,no
1248,APPLE, Iphone 11 Pro Reacondicionado Gris Espacial 256 Gb,$ 3.187.375,-20%,$ 2.549.900, maeko,not available,0,no
1249,APPLE, Iphone 11 Pro Max Reacondicionado Plateado 512 Gb,$ 3.749.875,-20%,$ 2.999.900, maeko,not available,0,no
1250,APPLE, Reacondicionado Iphone 12 Mini 64Gb Blanco Apple,$ 3.599.900,-58%,$ 1.499.890, quiero mac,not available,0,no
1251,APPLE, Reacondicionado Iphone 12 Mini 64Gb Verde Apple,$ 2.499.900,-46%,$ 1.339.900, ventas hatior colombia,not available,0,no
1252,APPLE, Reacondicionado Iphone Xr 64Gb Blanco Apple,$ 2.699.900,-66%,$ 899.750, ecocell,not available,0,no
1253,APPLE, Reacondicionado Iphone 11 Pro Max 512Gb Plata Apple,$ 4.238.625,-20%,$ 3.390.900, maeko,not available,0,no
1254,APPLE, Reacondicionado Iphone 11 Pro 64Gb Verde Medianoche Apple,$ 3.159.900,-50%,$ 1.567.100, micelu,not available,0,no
1255,APPLE, Reacondicionado Iphone 11 256Gb Rojo Apple,$ 2.824.875,-20%,$ 2.259.900, maeko,not available,0,no
1256,APPLE, Reacondicionado Iphone 11 128Gb Rojo Apple,$ 2.399.900,-41%,$ 1.398.898, ecocell,not available,0,no
1257,APPLE, Reacondicionado Iphone 11 256Gb Verde Apple,$ 3.074.875,-20%,$ 2.459.900, maeko,not available,0,no
1258,APPLE, Reacondicionado Iphone Xr 128Gb Rojo Apple,$ 2.099.900,-50%,$ 1.049.900, quiero mac,not available,0,no
1259,APPLE, Reacondicionado Iphone 11 Pro Max 64Gb Gris Espacial Apple,$ 3.599.900,-52%,$ 1.725.900, micelu,not available,0,no
1260,APPLE, Reacondicionado Iphone 11 Pro Max 256Gb Gris Espacial Apple,$ 3.200.000,-38%,$ 1.968.000, idroid colombia,not available,0,no
1261,APPLE, Reacondicionado Iphone 11 Pro 64Gb Verde Medianoche Apple,$ 3.159.900,-50%,$ 1.567.100, micelu,not available,0,no
1262,APPLE, Reacondicionado Iphone 11 Pro Max 64Gb Dorado Apple,$ 3.599.900,-52%,$ 1.725.900, micelu,not available,0,no
1263,APPLE, Reacondicionado Iphone 11 Pro Max 64Gb Verde Medianoche Apple,$ 4.599.900,-62%,$ 1.725.888, ecocell,not available,0,no
1264,APPLE, Reacondicionado Iphone 11 Pro Max 64Gb Plata Apple,$ 3.599.900,-52%,$ 1.725.898, ecocell,not available,0,no
1265,APPLE, Reacondicionado Iphone Xr 256Gb Amarillo Apple,$ 2.899.900,-57%,$ 1.228.290, quiero mac,not available,0,no
1266,APPLE, Reacondicionado Iphone Xr 64Gb Azul Apple,$ 2.399.900,-63%,$ 879.900, quiero mac,not available,0,no
1267,APPLE, Reacondicionado Iphone Xr 256Gb Rojo Apple,$ 2.799.900,-56%,$ 1.228.285, ecocell,not available,0,no
1268,APPLE, Reacondicionado Iphone Xr 256Gb Azul Apple,$ 2.799.900,-56%,$ 1.228.290, quiero mac,not available,0,no
1269,APPLE, Reacondicionado Iphone X 64Gb Gris Espacial Apple,$ 1.999.900,-58%,$ 828.590, quiero mac,not available,0,no
1270,APPLE, Reacondicionado Iphone Xr 128Gb Rojo Apple,$ 2.399.900,-56%,$ 1.049.900, quiero mac,not available,0,no
1271,APPLE, Reacondicionado Iphone Xs 64Gb Gris Espacial Apple,$ 2.999.900,-66%,$ 999.900, ecocell,not available,0,no
1272,APPLE, Reacondicionado Iphone 11 64Gb Amarillo Apple,$ 3.299.900,-64%,$ 1.158.886, ecocell,not available,0,no
1273,APPLE, Reacondicionado Iphone Xr 256Gb Negro Apple,$ 2.999.900,-59%,$ 1.228.285, ecocell,not available,0,no
1274,APPLE, Reacondicionado Iphone 11 128Gb Verde Apple,$ 2.299.000,-39%,$ 1.394.945, ventas hatior colombia,not available,0,no
1275,APPLE, Reacondicionado Iphone 11 Pro 64Gb Plata Apple,$ 3.159.900,-50%,$ 1.567.100, micelu,not available,0,no
1276,APPLE, Reacondicionado Iphone 11 Pro 64Gb Gris Espacial Apple,$ 3.159.900,-50%,$ 1.567.100, micelu,not available,0,no
1277,APPLE, Reacondicionado Iphone 6S 32Gb Plata Apple,$ 999.900,-70%,$ 299.900, quiero mac,not available,0,no
1278,APPLE, Reacondicionado Iphone Xr 64Gb Rojo Apple,$ 2.999.900,-70%,$ 879.900, quiero mac,not available,0,no
1282,APPLE, Apple Iphone 12 Mini 128Gb/4Gb Purpura Reacondicionado,$ 2.999.900,-30%,$ 2.099.000, ventas hatior colombia,not available,0,no
1284,APPLE, Iphone 13 Pro 1Tb Grafito (Graphite) Reacondicionado,$ 6.624.875,-20%,$ 5.299.900, maeko,not available,0,no
1287,APPLE, Iphone Xr Reacondicionado Negro 64 Gb,$ 2.699.900,-66%,$ 898.888, ecocell,not available,0,no
1288,APPLE, Iphone 11 Reacondicionado Rojo 64 Gb,$ 2.550.000,-52%,$ 1.215.990, micelu,not available,0,no
1289,APPLE, Iphone 11 Pro Max Reacondicionado Verde Medianoche 64 Gb,$ 3.599.900,-56%,$ 1.569.900, micelu,not available,0,no
1290,APPLE, Iphone 11 Pro Max Reacondicionado Gris Espacial 64 Gb,$ 3.599.900,-51%,$ 1.729.900, micelu,not available,0,no
1291,APPLE, Iphone 11 Pro Max Reacondicionado Verde Medianoche 256 Gb,$ 2.461.900,-19%,$ 1.969.899, ventas hatior colombia,not available,0,no
1292,APPLE, Iphone 11 Pro Max Reacondicionado Dorado 64 Gb,$ 3.599.900,-51%,$ 1.729.900, micelu,not available,0,no
1293,APPLE, Iphone 11 Pro Max Reacondicionado Plateado 64 Gb,$ 3.599.900,-51%,$ 1.729.900, micelu,not available,0,no
1294,APPLE, Iphone 11 Reacondicionado Negro 64 Gb,$ 1.999.000,-42%,$ 1.148.000, celulander,not available,0,no
1295,APPLE, Iphone 11 Pro Max Reacondicionado Dorado 256 Gb,$ 3.200.000,-38%,$ 1.969.489, idroid colombia,not available,0,no
1296,APPLE, Iphone 11 Pro Reacondicionado Dorado 64 Gb,$ 3.159.900,-50%,$ 1.569.900, micelu,not available,0,no
1297,APPLE, Iphone 11 Pro Reacondicionado Plateado 64 Gb,$ 3.159.900,-50%,$ 1.569.900, micelu,not available,0,no
1298,APPLE, Iphone Xr Reacondicionado Blanco 128 Gb,$ 2.999.900,-63%,$ 1.089.685, ecocell,not available,0,no
1311,APPLE, Reacondicionado Iphone 8 64Gb Rojo Apple,$ 1.299.900,-61%,$ 499.690, quiero mac,not available,0,no
1312,APPLE, Reacondicionado Iphone 7 32Gb Plata Apple,$ 999.900,-60%,$ 399.900, quiero mac,not available,0,no
1315,APPLE, Iphone Xr Coral 128 Gb Reacondicionado,$ 2.699.900,-59%,$ 1.089.685, ecocell,not available,0,no
1316,APPLE, Reacondicionado Iphone 11 Negro 128Gb,$ 2.999.000,-53%,$ 1.398.814, idroid colombia,not available,0,no
1317,APPLE, Iphone Xr Coral 64 Gb Reacondicionado,$ 2.699.900,-66%,$ 897.288, ecocell,not available,0,no
1318,APPLE, Reacondicionado Iphone Xr Negro 128 Gb,$ 2.699.900,-59%,$ 1.089.685, ecocell,not available,0,no
1319,APPLE, Reacondicionado Iphone 11 Morado 128 Gb,$ 3.100.000,-54%,$ 1.397.520, idroid colombia,not available,0,no
1320,APPLE, Reacondicionado Iphone Xr Negro 64 Gb,$ 2.699.900,-66%,$ 898.888, ecocell,not available,0,no
1321,APPLE, Reacondicionado Iphone 6S 32Gb Gris Espacial Apple,$ 749.900,-60%,$ 299.900, quiero mac,not available,0,no
1322,APPLE, Reacondicionado Iphone 6S 32Gb Plata Apple,$ 749.900,-60%,$ 299.900, quiero mac,not available,0,no
1323,APPLE, Reacondicionado Iphone 6S 32Gb Oro Apple,$ 999.900,-70%,$ 299.900, quiero mac,not available,0,no
1324,APPLE, Reacondicionado Iphone 7 32Gb Oro Apple,$ 999.900,-60%,$ 399.900, quiero mac,not available,0,no
1325,APPLE, Reacondicionado Iphone 7 32Gb Negro Mate Apple,$ 899.900,-55%,$ 399.900, quiero mac,not available,0,no
1326,APPLE, Reacondicionado Iphone 7 32Gb Oro Rosa Apple,$ 999.900,-60%,$ 399.900, quiero mac,not available,0,no
1328,APPLE, Iphone Xs Max 64Gb Dorado Reacondicionado,$ 1.700.000,-41%,$ 989.000, celulander,not available,0,no
